full_text, emotion
btw emang beneran enak ya kalau kita selalu punya pikiran positif setiap harinya beneran setelah menerapkan ini tuh aku jadi merasa lebih lancar hari hari nya. mood nya juga semakin baik walo lagi mens dan dilepen:', relaxed
@togethur Merasa bersalah karena aku agak setuju sama si TS pertama alias pernah ngalamin sumpeknya ngadepin orang yang gak punya interest apa-apa hari-hari kerjaannya ngeluh doang. Lagi bosen dan dikasih saran ngelakuin ini itu jawabannya antara gak suka atau gak mood. Wkwk., bored
LDM ni bnr2 bisa bkin mood naik turun ya. KIo Igi setrong aku merasa kuat menghadapi LDM sampe sethn ke dpn. Tapi lain hari aku akan merasa tersiksa sedih rindu gak abis2 sampe nyepam suami yg Igi kerja tiap jam neIp ato chat pokoknya nyari perhatian. Huhu. Sampe kpn ya ini?, anxious
gak mood bgt KENAPA AKU MERASA JELEK HARI-HARI INI apakah karena luteal phase apakah bisa cantik kembali....., depressed
Mood sweet food udah banyak drop. Tapi aku hari ini merasa kangen rasa martabak yang cokelat kacang wijen Aku mau gas deh buy Martabak Pecenongan, cheerful
Ketika ada something bad happens aku gak akan mikir aduh hari ini sial bgt karena alam bawah sadarku udah percaya kalau aku lagi hidup di timeline terbaikku aku jadi merasa oh mungkin ini jalan menuju diriku yg terbaik nantinya Dijamin good mood tiap hari, cheerful
Pulang jaga malam pas absen ada yg nyapa dan bilang selamat istirahat.. seketika mood lelah jaga malam menghilang. Dan mood pagi ini . Apakah aku sudah berada di tahap hopeless romantic atau merasa di hargai atas kerja keras hari ini setelah semua huru-hara di tempat kerja?, loving
Hari ini perasaanku sedih terus rasanya. Aku tidak mood untuk melakukan apapun., depressed
hai hari ini aku bosen mood aku datar banget aku juga sedih aku merasa kesepian banget tapi aku senang masih bisa interaksi sama dia, bored
Aku hari ini abis betantem sm adek tapi kayanya dia ga merasa aku marah Jadi ngerusak mood smeoga besok moodku membaikkk Mau hype hatuha dengan riangg, iritated
hari ini ga mood karna merasa kayak gini temen ada yang udah wisuda ada yang lagi nyusun sedangkan aku stuck di situ situ aja. terus ini lewat kayak ya Allah sesayang itu Engkau kepada hamba-Mu yang hanya mengingat Mu disaat dia butuh, depressed
masih sdg dalam proses menghilangan sikap jelek itu dgn melihat positifnya tungguin ye sobat. tahun ini aku pasti bisa jd manusia yg ga mood swing dan ngmng masalah di hari yg sama kalau sudah merasa ga enak, hopeful
semalem tidur gasik dan hari ini aku merasa mood ku lebih baik berarti emg kurang tidur aja, relaxed
aku mau pas foto hari ini tp ga mood krn merasa lg jelek, depressed
Aku merasa hari ini aku cans tapi ga mood anjer mau foto di HP jadi gamut aaaaa, bored
Sebel banget pagi-pagi udah merasa terkhianati oleh Denis Hari ini motoran sendiri-sendiri karena Denis harus ke kampus sementara aku harus jemput Emak nanti habis acara. Aslinya dia ngeyel anterin aja tapi aku lagi mood naik motor. Ya udah akhirnya motoran sendiri-sendiri,iritated
Merah membara memancarkan pesona! Berbalut warna merah aku merasa percaya diri dan kuat. Setiap detailnya memancarkan keanggunan dan keberanian. ğ™‹ğ™šğ™§ğ™›ğ™šğ™˜ğ™© ğ™ğ™£ ğ™§ğ™šğ™™ bukan hanya penampilan tapi juga mood hari ini. https://t.co/mNnux9B7wM,cheerful
pantesan semalam aku merasa kalau hari ini ga bakal jadi gigit dia (iya kita maem karena ada acara mau gigit. thats why ak ga nanya jadi atau ga mamnya soalnya kita bakal melakukan hal absurd tp mood dia kagi sedih krn mbahnya...),depressed
aku merasa overwhelmed hari ini gara2 kasus WB. Jd ga mood seharian,bored
@bfgrent OH MY GOSHH aku merasa terpanggil banget HALOOOO!!!?!? i'm using winÈ›eo as my side fc and hari ini ril lagi super free n veRY IN THE MOOD buat seru an bareng kamohhh esp aku bakal super duper excited buat ngobrolin girly things such as makeup nails and FOOD ï¸ï¸ - https://t.co/QrdxMwufyj,cheerful
aku sensi krn aku merasa di sensi in dr tadi jadinya mood ku hari ini se rusak itu,iritated
Mood aku hari ini bagus banget daaan aku merasa cantik hari ini WKWKWK,cheerful
Hari-hari ini aku merasa cantikkk banget dan merasa pantas untuk dicintai seneng kalau mood lagi gini tuh https://t.co/7ikPOt07j3,cheerful
tai kenapa mood aku hari ini hancur banget sih dari pagi cape anjg cape ngatur mood doang kalau bisa pun aku atur dah itu mood jadi bahagia terus aku juga mau atur hidupku ga usah dilahirin ga usah kaya gini hidupku kalau masih ada mereka ga bakal aku merasa sehancur ini,depressed
@ikanatassa Ini pov ku ya. Aku merasa menonton film cukup menghabiskan 2-3 jam. Tapi kalo baca buku bisa berhari-hari tergantung kita ada mood untuk fokus atau nggak. Kalo menonton bioskop suasana sudah dibikin kita harus fokus. Kalo membaca buku kadang kita bisa terdistraksi dsb.,bored
gilaaa hari ini aku cantik banget gila gila gila gila. ternyata 'merasa cantik' sangat menaikkan mood padahal kuis kalkulusku ancur tapi moodku masih tertata rapi https://t.co/fKHZTm97ZL,cheerful
Hi hari ini semuanya tak berjalan dengan lancar Mood berantakan kurang istirahat fisik maupun psikis terasa lelah Apakah aku tak boleh merasa lelah ? Kenapa aku harus selalu dihakimi untuk merasakan sedih untuk sesaat ini Selama ini aku pendam saja semua,depressed
@_youngkaa iya anjir jadi gak mood bukannya ga suka sm yg satunya ya... tp bete aja tadi ai nya mengelak njir merasa ditipu padaal aku udah bbrp hari ini kecanduan fakkk,iritated
hari ini aku merasa cakep banget tapi semua fotonya di hp dia soalnya aku gak mood sama hp ku yg rusak,depressed
Aku kalau rewatch Taemin on spotify merasa wah doi bersinar bgt cantik dan cutenya overflowing kelihatan dia good mood.. Habistu inget kalau ini shootnya pas dia baru pulang dr swc6 osaka alias hari-hari dia ngegas bgt sama Minho (kek hmm i see you) https://t.co/0CsWC2rQil
-rek aku gagal lolos perengkingan dan aku merasa sedih banget aku ada wawancara kerja hari ini tapi aku takut gabisa mood ku jelek banget solusinya harus gimana ya?
cah aku gagal lolos perengkingan dan aku merasa sedih banget aku ada wawancara kerja hari ini tapi aku takut gabisa mood ku jelek banget solusinya harus gimana ya?
ndes aku gagal lolos perengkingan dan aku merasa sedih banget aku ada wawancara kerja hari ini tapi aku takut gabisa mood ku jelek banget solusinya harus gimana ya?
aku gagal lolos perengkingan dan aku merasa sedih banget aku ada wawancara kerja hari ini tapi aku takut gabisa mood ku jelek banget solusinya harus gimana ya?
INI KALO DILIAT LIAT ENERGI AKU FULL HARI INI merasa bahagia good mood 100% lah energinya. karena apa? iyups habis ketemuan
Akhir2 ini aku jadi sering bad mood Jeleknya memengaruhi komunikasi dan cara ngajarku Padahal udah liburan 3 hari di semarang tapi kok merasa masih lelah
haiii selamat pagyi kak mbii @sinnbx bagaimana sejauh ini bulan oktober nya? menyenangkan? seru? aku harap hari hari kakak seperti itu kalau ada orang yang membuat kakak sedih dan merasa ingin menangis/egk mood its okay tapi hari esoknya harus ceria lagi ya! have a good day https://t.co/XUVaWhPx79
hari ini cape bangeeet tp karena kemaren malam aku udah nulisin gimana perasaanku habis liam pergi mood aku jd lumayan membaik. tadi aku sampe bisa jalan dulu dari perpus ke depan alfamart ciseke buat jajan (aslinya mau beli molen di gerlam tp tutup) trus balik lagi.
maka dari itu aku bilang kalau mood aku hari ini baik baik saja karena aku bisa hidup sehat hiburan dan mengeluarkan air mata yang selama ini aku tahan dan saat air mata itu keluar hati aku lega dan merasa senang
Makan sambil nonton ternyata bikin aku fokus nonton sampe lupa merasa kenyang pas makan alias gak kerasa nasi yang masuk ke perut. Terus juga terkadang nambah gara-gara episode kartun yang aku nonton belum habis. Untung beberapa hari ini lagi gak mood nonton jadinya aku ngeh 
@Seoikjinie Jangan ospek aku bg.. mau disuruh nyatet apa ini? Apa gue disuruh beli belanjaan? Belum gajian akutu bang.. Salken juga abang. Kayak merasa bersyukur udah punya abang gitu ya? Pujian simple kayak pinter dna lucu dari pacar gue tiap hari sukses bangkitin mood banget sih
@Asselynadeline sumpah iyaa hahaha. entah karna hari ini gajian jadi agak lift up mood nya atau emang gimana yaa wkwkw. tapi aku merasa agak lega dan tau jadi harus gimanaa. kalau kemarin banyak mualnya karna gak keliatan kemana aja
@Aralie_JKT48 pagii maluv! senang sekali rasanya malam ini aku merasa tidurku cukup senang bgt kalau tau kamu pagi ini dalam keadaan good mood utk memulai hari pagi ini aku merasa cukup happy utk memulai hari. semoga kamu jg lancar semua ya hari ini maluvv
aku baru tau ka @absolutelysugar update wp huhu pas baca mood aku lgsg naik bgt soalnya aku merasa cape bgt hari ini. terima kasih banyak ka fayasss 
Aku gak memungkiri kemarin pun aku emosiiiii bgt. Kesel sekesel2nya orang. Sampai mood jelek bgt. Akhirnya aku lampiasin dg ngegame semalem sampai gak sadar udh pagi. Trs aku merasa hari ini aku udh gak semeledak kemarin dan bs lebih berhati2 dalam ngetwt
Gusy.. aku izin gak jbjb dulu hari ini.. gak mood.. galau banget liat story zayne yang akan datang.. perasaanku jadi gak enak banget kayak hampa gitu.. 
cowo cowo maaf bgt ya yg ikut jalan hari ini kayanya memang boring bgt keliatan dr muka lu sumpah ky ga mood gt (sotau) (aku jg merasa tdk worth it jalan jalan hari ini)
sampe di hari ini pun aku masih merasa gelisah ada rasa takut yg gabisa aku ungkapin orang rumah pun sampe bingung karena drastisnya perubahan mood aku. toxicnya aku adalah kalo lg badmood bener-bener pgn menyendiri ditanya keadaan pun keknya jgn dulu deh.
hari ini nangis di jalan lagii trus pas sampe kampus mood ku jadi kurang bagus.. jadi merasa bersalah banget sama temen temen yang notice aku trus nanya nanyain aku lg oke apa ga tapi aku malah diemin mereka ajaa :(
@rahasyani mood aku mengikuti cuaca hari ini alias cerah benderang. lately sedang merasa happy dan content untuk hal-hal disekitar. rahasya sendiri gimana?
Keknya 5 menit lalu aku merasa good mood dan produktif untuk menghadapi hari ini. Tiba2 kepala kencang mual dan seolah2 merasa tertekan Apakah karna pagi ini aku skip ngemeal (re: sarapan)?
dari kemarin perasaanku gelisah ditambah aku yg telat makan tapi malah minum kopi. jadinya deg2 an parah dan ga bisa tidur hatiku berisik bgt dah ga bisa diam ketambah beberapa hal yg tiba2 kupikirin. itu ganggu pol sebenernya tp hari ini coba naikin mood dengan beli sushi https://t.co/A6tQzjM8x2
Terima kasih hidangannya di hari jumat ini tgl 28 juni 2024 Aku merasa baikan dengan mood yang di berikan sekarang aku mau makan 
kenapa hari ini mood belajarnya bangett ( á´– ï½¡) . . . sedih t_____t . aku merasa hari ini ga optimal spend time belajarnya dikit huhuhu â€
Hari ini anter anak lomba dance. Seharian jaga mood anak. Tapi kayanya anaknya ngerti kalo mood dia lagi di jaga jadi dia berulah dari pagi. Nangisin hal yg ga penting. Minta gendong sepanjang hari. Alhasil malem nya aku merasa cape bgt karena nahan emosi seharian
aku kayaknya ga ada mood deh hari ini merasa sgt sgt lelah
Kalo ada yg merasa aku bbrapa hari ini beda itu lain salah km memang aku nya yg kurang mood
Mood gaenakk bgt hari inii rill capee setela liat tanggal ya bener si PMS ini. Aku ga marah2 tp lebih ke sedih galauu bgt klo mo mens merasa jd org paling tersakiti
Update sedikit karena satu dan banyak hal hari ini sangat mood ingin menangis jadi kutumpahin semuanya disini. Semoga perasaanku nyampe ke kalian ya. Aku sebenernya butuh pendapat kalian soal AU ini Feel free to say something Lanjut nanti ya 
Padahal menurutku hari ini dan besok tanggal e cantik. Tapi gk bisa diabadikan sbg momen yg berbahagia. Langsung lemes capek gk mood pengen nangis merasa gk adil. Tapi mungkin itu yg terbaik karena aku sendiri juga kyk gini. Aku benci sama diriku sendiri .
kenapa hari ini aku merasa lebih cantik dari hari-hari biasanya?! dan mood ku juga okayyyy?! please tiap hari bisa kaya gini ya Ji! aamiin!
tolong juga yg pernah merasa ketipu sama aku komen ato dm ya sumpah jadi ga mood nge ba hari ini
maaf yh klok ak baperan suka marah tiap hari tantrum tiap hari nangis tiap hari egk mood tiap hari hwhwhwjw aku merasa akhir ini aku tuh kyk lebay bgt napa yahh dikit marah maafin ak
Aku satu minggu kemaren sebelum haid mood ancur ancuran badan nyeri semua nangis nangis sensi banget marah marah merasa paling sengsara di dunia ternyata hari ini haid â€ https://t.co/sqsKpENDfD
@tanyakanrl Makasih banyak nderr kebetulan hari ini aku lg ngak mood (rasanya capeee bgt). Pas baca text dari km aku merasa terharu bgtt (nangis dikit) tulisanmu hangat sekaliii!! Semoga banyak kebahagiaan yg datang ke kamu setelah iniii sehat selalu nderr
I love the LUCAS ! Lucas kamu tau ga hari ini aku merasa cakep tapi alasannya kamu! Kamu tau kan kalau seseorang happy pasti bikin mood orang itu bagus dan auranya jadi keluar. Makasih udah kembali being my serotonin booster https://t.co/ptzcgRXKcb
aku akan memandangi foto ini tiap hari tiap aku sedih tiap aku merasa kecewa tiap aku capek pokoknya aku akan rajin memandangi kecantikan kak sitarani karena melihat foto fotonya saja mood aku membaik 200% makasih kak sitarani [salim]
.... skrg aku ngerti kenapa akhirÂ² ini merasa gaenak... kek gampang banget naik mood ga karuan demen nunda kerjaan (walaupun akhirnya beres) pdhl hari ini bangun paling pagi &amp; tumbenan ga ngantukan kayak kemarinÂ² eh malah..... AAAAARGH 
Hari ke berapa puasa ini??? Mentalku agak down hiks I mean capek bgt. Mood juga naik turun. Udah aku pake nulis aku pake masak apa yg dipengen. But tdk merasa better ã… ã…œã… ã…œã…œ Yoongi aku kangen polll napa yg nongol cuma ttd lu doang ã… ã… 
-130324â€ Hari inii ngerjain tugas ekstra terus latsol dan belajar bahasa Inggris sebentar~ aku merasa hari ini ak males bgt huhu dari pagi ngga ngapa-ngapain dan baru mulai ada mood pas udah malem bgtâ€ okeng sekian janlup istirahat btw besok hari pertama aku balik sekolah https://t.co/NXKh3vVlzp
hari ini gue awur awurannn bgt hidupnya kayak gue merasa worthless pengen nabok diri sendiri dan udah capek goblok goblokin diri huhu terima kasih sunghoon udah update soalnya gue cape dan ngga tahan lagi pura2. makasih dah lift up my mood sayangku aku cinta kamu sesemesta https://t.co/WApHUd7mNs
@enginafess Jujur hari ini lagi merasa capek banget mulai dari badan sampe ke pikiran. Udah maksain istirahat tapi tetep ngerasa ga enak. Tapi pas denger cover Jake berulangkali aku nangis dan akhirnya agak lega wkwk. Emang harus nangis dulu baru baikan ini mood:((
maaf banget aku lagi jarang ngehype konten moots ku ya mood aku sedang tidak baik beberapa hari ini aku bakal balik hype konten temen2 disini kalo aku udah merasa lebih baik. be happy &amp; stay healthy temen - temenâ€¼ï¸
ternyata hari ini beneran capek adaaaa aja yg bikin bad mood dr pagi sampe malem.. tapi ternyata pas liat ni bocah aku merasa gemas sekali
denger berita DAY6 mau comeback bulan Maret jadi merasa kok pas banget sama mood aku hari ini tadi tiba-tiba aja pengen banget pake DP &amp; layout berbau four-leaf clover sampe gonta-ganti terus tiba-tiba aja pengen ngetwt gini â¬‡ï¸
When ada yang ngomong kok ceria kali hari ini lagi seneng ya Padahal lagi dalam kondisi mood yang berantakan disitula aku langsung merasa seperti artis hollywood Jago Akting :)
@ThedyBear12 Kak. Aku bacanya mikir. Ini si luxy itu bisa tidur gk sih beberapa hari ini. Apa dia gak merasa bersalah dan gelisah gitu udah nipu sana sini. Bener kelakuannya jahat banget 
author thanks yh semalem aku baca ini trs pagi ini mood ngajar aku bagus banyak improve pula di kelas walaupun anak-anak muridku modelan Theo tp aku ttp merasa ngajar hari ini seru btw pekerjaanku sama seperti Mam Devi apakah aku mendapat jodoh seperti dokter Rey 
 haii hari ini aku ulang tahun heheh tapi ya merasa biasa aja boleh minta doanya biar aku merasa happy dan mood hari ini heheh semoga doa baik berbalik ke kamu yah terima kasih
Perasaanku aja atau emg hari ini banyak fanart requiem. Tapi aku bahkan lagi ga mood nge rt like. Ntar dulu ngapa requiem aku mau fokus enstars
jujur bbrp hari ini aku ngerasa tulisan aku lagi kurang bagus selain itu aku merasa ada penurunan minat di beberapa au aku (kurangnya feedback di retrospring maupun qrt) followers aku naik tapi engagementnya nurun dan itu bikin mood nulis aku terjun bebas.
emangnya mood bisa mempengaruhi masakan kita kah?? Aku merasa hari ini masakan ku buruk :( pdhl biasanya masakanku always good and my family suka sama masakanku. Tapi hari ini my mother said ga suka makananku karena rasanya bad :(
aku ga baik2 aja suk aku butuh banyak hari libur. badan aku capek mood aku beneran jelek bgt akhir2 ini aku sering nangis aku selalu merasa sepi..
Hari iki aku rasae pegel dan ga mood kerjo prei sedino gpp kan -rek soale selama iki aku selalu kerjo terusss tapi khusus hari ini benerr2 capekkk ae aku rasae jd rodok merasa bersalah ga kerjo
Asli dah grgr ketemu sherina derby semalem mood aku untuk fangirling menurun drastis kek udah merasa puasss banget senengnya. Hari ini ga fangirlingan dulu deh
aku sedih banget hari ini aku juga cape try to be ok didepan temen2ku biar perasaanku gak ngerusak mood mereka
@schwazyn @hyacinthscent perasaanku gak enak takut beberapa hari lagi aku dapet ini. beneran ini mau nangis tapi gatau alasannya. mood aku jadi hancur lebur lalu 5 menit kemudian nyengir-nyengir sendiri kayak orang gila:((
Hadiah untuk diri sendiri setelah bekerja keras: Eskrim Stroberi! Hari ini aku merasa pantas untuk sedikit melakukan kecurangan dengan menikmati dua skup bersama Yunjin-ie diwaktu istirahat. Memang benar katanya makanan manis dapat membuat kamu bersemangat dan mood membaik! https://t.co/ogS577mN33
25/09 Hari ini superrrr boring bangett banget karena lagi kram perut bulanan nyatet tipis tipis karena masih ga mood btw aku suka banget kalo lagi pake kutek warna maroon [merasa cantik]ï¸ https://t.co/G4jwAe5N1n
Laki w ga dibekelin makan siang hari ini krn ku sdg tdk mood untuk masak tapi trus kepikiran dan merasa bersalah. Begitu doi sampe kantor ku minta maaf tapi dia blg gpp yang banyak yg ga bekel jg hari ini aku nanya kok tau banyak yg ga bekel hari ini? 
Tetep aja ngerasa bagong sih. Merasa dipermalukan aja wkwkwk. Mungkin run out of topic to lifted up the mood jangan w juga yg dijadiin target. Ga asik juga soalnya. Kejadian ini bikin aku diem aja selama berhari-hari.
ã…¤ Haii selamat pagi! Bagaimana hari kalian? Aku harap vlog kali ini menginspirasi kalian untuk melakukan kegiatan yang bisa membuat mood kalian merasa lebih baik seharian ya. Kia melambaikan tangan ke kamera dengan penampakan wajah bangun tidurnya. Masih ngantuk aku ã…¤ https://t.co/cofIPCKNpx
Hari ini mood langsung cengar cengir saat Yoga bilang sayang aku mau renov rumahku kamu ada ide design ga? merasa berharga banget padahal cuma ditanya bgtu ahh akumah emang mudah xixixi
@rentfess HAAAAIIII!! Aku sudah pernah jadi Win ter (terhitung sudah dua kali dan merasa cocok) aku mau maju untuk pacaran sama kakak hari ini! Knowing that my girlfriend (you) is currently not in mood I want to be with you so you'll be happy again Kak! https://t.co/wYF9DNZTYa
I'm unwell and not in the mood now karena kenapa orang itu ga ada hentinya nanyain kabarku lewat temanku gitu. Dan beberapa hari ini ada yang membuka beberapa akun private ku. Akun yang aku nonaktifkan aja juga dia coba buka. Merasa ga aman. Capek. Sec acc ini mungkin ga aman jg
: Aku menemukan dokumen yang lain! oh aku merasa mood aku sangat baik hari ini : Wah ini hari yang menyenangkan hari ini #DOYOUNG #ë„ì˜ #TREASURE #íŠ¸ë ˆì € @treasuremembers
230828 NCT Melon Today's TMI #JENO Judul : Bat (Tongkat Baseball) Perasaan/mood hari ini : â—œâ—¡â—... Hari ini aku.. mengayunkan tongkat baseball banyak sekali. Karena sudah lama tidak mengayunkan tongkat baseball aku sedikit merasa stresku hilang. + https://t.co/MFwnKPT7wO
@ohmybeautybank Nih backpack aku belum lama beli karena merasa butuh barang bawaan banyak termasuk laptop. Dapet tas secakep ini buat dibawa tiap hari bikin mood bagus terus
Rasanya gak pernah sebahagia ini bahkan di hari ulang tahun aku sendiri. Kalo udah merasa kayak gini takut tiba-tiba besok ada aja yang bikim mood drop. Tapi let me enjoy this happiness. I'm happy now cuz today is Mark Lee day.
hari ini lagi sedih banget sampe cuti kerja boleh gak sih kalo aku skip diet! dan makan apapun yang aku mau hari ini aja? pgn rice bowl 2 porsi tp aku ga ada mood olahraga juga. takut merasa bersalah meskipun 1 hari doang 
@convomf hari ini kumpul organisasi tapi merasa ga dianggep badmood parah sesedih itu sendirian main hp nunggu giliran take video untungnya ada satu dua orang yang ajak ngobrol jd mood naik lagi sedih banget di sosmed maupun rl kaya ga ada yang anggep aku
@starfess Aku suka semua lagunya jadinya lagu favorit itu tergantung mood tapi hari ini favoritku: Knowhow (seriusan lagu yg enak bgt buat memulai hari dan liriknya positive vibes bgt) Eclipse (kalo bisa nikah tapi sama lagu? Mau nikahin Eclipse karena liriknya bikin aku merasa dicintai)
hari ini agak banyak drama ya haha. pagi azra (kayaknya) marah karena pada ga jelas. padahal aku udh bilang aku ngga ikut. cindy gamau kalo aku ga ikut padahal ada ilda tp azra juga malah bilang mau pergi sendiri aja di grup. dia chat ilda katanya dah ga mood *merasa bersalah*
Udh guysss.. disini emg s salah tp itu pasti gk kepikiran dibenaknya kalo r bakal jatuh parah begitu. Diapun juga udh coba minta maaf dn merasa bersalah. Dia juga udh gak takut kalo bakal fyp dg berusaha bikin mood r balik. Aku salmine wr1 dn salmocean mohon maaf utk hari ini ya https://t.co/WCBtW8gIpX
Aaaakkk...kayaknya minggu ini aku merasa hidup gt. Dari kemaren happy loo trs hari ini meskipun ada yg nyebelin tp ga lgsg bikin bad mood 
Mood hari ini dibikin turun naik knpa ya ketika merasa capek dan diterpa cobaan dikerjaan memutuskan pengen cari kerja lain selalu aja ada hal baik yang datang apa aku hrs tunggu dlu diprshaan sekarang? Apa ada hal lain yg dipersiapkan Tuhan buatku disini?
yh hari ini sedang fase mood swing tbtb sedih karena mamanda masak sayur sop padahal aku lebih suka oseng sawi merasa dunia tidak menyayangiku lagi tapi aku tetap makan dengan sgt lahap polll
hari ini sbnrnya berobat agak ga mood... tp langsung berubah mood nya membaik krn dr. tya (asistennya dr. bintang) inget dengan aku dan bundaa huhu so happyy (padahal gt doang tp gua merasa diperhatikan aja gt hehe)
@rentfess selamat siang cantik. boleh aku temenin kamu hari ini?? kebetulan aku sangat free buat kamu hari ini aku temenin kamu sambil aku peluk dan puk puk ya?? pasti ga enak banget ya di hari pertama?? aku bakal ada di samping kamu supaya kamu merasa baikan dan mood kamu kembali baik
Aku masih geregetan soalnya barengan sama sakitnya aku merasa agak sesak. Terus aku minum obat ini. Lumayan tapi kayak rasa kecantolnya itu masih. Nah otomatis aku lumayan down. Mood buka Discord aja gaada karena aku ga bisa tidur berhari-hari walau nyoba istirahat (cont) https://t.co/zIaq7HNORP
Hari ini terjun payung perasaanku Aku bisa ngambil cuti tahun ini Jaehyun upload Mood Jaehyun ada fansign di Jakarta Ini aku yang belum bisa. Aku salah. Mengapa tuhan Bubu upload #TAEYONG #nct #nct127 #TAEYONG #TAEYONG #TAEYONG #íƒœìš© #Jaehyun #JAEHYUN https://t.co/dtHHvAiF8N
aku hari ini kesel bgt ampe banting pintu &amp; mandi di pancuran merasa bersalah sebenernya krn susah kontrol emosi tapi gmn capeÂ² cari inspirasi trs bad mood seketika krn tetiba ada yg masuk kmr tiduran di sampingku sambil main hape pas aku tanggepin malah tersinggung
aku hari ini boleh berisik lagi gasi lagi mood bacot banget. yang merasa terganggu mute aja yaaa
Sampe hari ini tuh gw udah merasa jauh lebih baik. Tp triggerer nya itulooh ganggu banget sampe bisa bikin uring2an seharian. Kalo keinget sama mantan semua perasaan negatif tuh selalu muncul pengaruhin mood dlm sehari. Mungkin kah aku mengalami trauma??
Enggak. Aku sama sekali belum terburu buru. Pikirku hari ini aku masih bocah menghadapi mood ku sendiripun aku susah merasa tidak ada yg baik untukku semua orng salah di mataku egoisku yg tdak bisa aku biaskan 
Mood swing banget dua hari ini. Mostly overthingking merasa bersalah tp ga tau salahnya apa hal2 kecil sepele aja bikin kesal takut cemas dada rasanya penuh sesek dan ini semua aku ga tau sebabnya apa https://t.co/aa5iLohmr9
 Huaaa aku seneng banget kakak update hari ini makasih kak udh buat mood ku baik. Hari ini aku liat ada autor akunnya ke deact aku sempet takut akun kakak ju... - yaampun aku merasa dicari makasih banyak kekhawatirannya ya anon tapi gaper... #tellonym https://t.co/zVQZpueAzw
Beberapa hari ini mood lagi naik turun banget. Ngerasa kosong sulit berkonsentrasi ngga ada semangat merasa tertekan karena tagihanÂ² tugas butuh teman ngobrol ngerasa kesepian. Mungkin karena masih masa haid juga ya... Tapi aku bener2 ngga ada semangat sama sekali :')
DeepTalk sama dia sambil nyore mood ku beberapa hari ini berubah-ubah dan aku merasa aneh sama fase sekarang. Thank u for today putt dengan meresapi kata mu hari ini aku bisa belajar hal baru lagi https://t.co/gipd2abATp
Hari ini nolak dengerin spg susu hamil. Karna semalem tidur aku berantakan bgt jadinya mood ikut berantakan. Nolak baik2 jgn hubungii dulu ya mba. Dia minta maaf. W jadi merasa bersalah habis telepon ditutup. Maap ya mba 
@convomfs Hari ini bikin kacau pikiran dan mood ku kenapa? IPK ku ancur and aku ga tau harus bilang apa ke orang tua.. Mo nanges ga punya temen untuk keluh kesah pusing cape stress ga tau harus gimana merasa diri sendiri bodoh dan tidak berguna hidup klo bunuh diri ga dosa udah....
@beisooji Keren chef zy! Kapan-kapan ajakin aku masak bareng dong chef zy. __ Moodku hari ini cuma setengahnya dari itu alias 500% good aja. Aku lagi merasa sedih &amp; bosen kayaknya sih gara-gara belum ngobrol sama Kak Suzy deh. Mood Kak Suzy hari ini apa?
ya Allah kenapa rasanya merasa bersalah banget hari ni mood aku ga bagus ya biasalah masa adaptasi di lingkungan baru emang selalu gitu rasanya pas mood ga bagus gini dosa banget kalo jutek ke orang tua tapi ini perasaan emang ga bisa dikontrol
Aku senang. Hari ini aku senang xixixi ternyata merasa cantik aja tuh bikin mood senang seharian yah 
SELAMA INI AKU DITIPU RESTORAN Selama ini kalau laper banget pesennya yang spesial hari ini gak mood jadi pesen yang biasa. DAN AKU GAK MENEMUKAN PERBEDAAN SAMA SEKALI t____t beda di harga aja. Yang dateng sama persis. Merasa tertipu.
@greyygirl ya ampun kak masa gitu sumpah hari ini aku mood ku anjlok gara gara kimrey karna ini au pertama yang aku merasa ini brightwin pikiran ku mereka brightwin .. jadi tolong buat happy end 
Aku merasa ini seperti self healing beberapa hari ini mood meningkat hati damai emosi stabil banget meski Mecca lagi aktif banget dan lari2an terus. Mungkin ini yang dari dulu aku butuhkan nyaman. Tentunya only with my daughter and my husband
Yang ditanya selalu udah dapat panggilan apa enggak. Emang sih kita yg mengatur mood kita setiap hari. Jangan sampai orang lain merusaknya. Cuma hal kecil ini kenapa ya selalu bikin aku sedih bikin aku merasa gak berguna. Pdhal pencapaianku sejauh ini itu udah ada.
@dinikopi13 @nna Ini aku pakai bagus kok.. cuma kalo di ber AC aku merasa dia kurang lembab jadi harus pakai dua kali kalo dipakai pagi hari lebih enak karena wanginya enak naikin mood 
Hari ini benar benar sedang berjuang membangun mood baik. Jika aku merasa otak dan perasaan sedang tidak sinkron aku akan menyelesaikan pekerjaan dimana pun aku mau. https://t.co/hrSqCJWdyr
@ikramwiese Sedang melakukan hal yg sama tapi tidak kuat kalo lari Kak aku ganti jalan cepat awalnya 30 menit per hari skrg ini jadi 60menit per hari. Belum ada perubahan signifikan tp aku merasa mood jauh lebih bagus kulit sehat BAB rutin &amp; lancar. Thankyou Kak sudah memotivasi 
tau ah capek gue lu mood moodan gue juga mau begitu ah lagiiiiaaann sih apaya gtau hari ini aku bilang km lagi soasik deh kyk gtau ga merasa bersalah kah? padahal ngomongin orang begitu tp sendirinya ga ngerasa bersalah
Hari ini sedang mendung entah mengapa aku merasa lesu. Tidak mood melakukan apapun. Sejenak terdiam memandangi dinding kamar matanya terpaku pada deretan buku. Ia terperanjak mengambil salah satu buku tersebut agak sedikit berdebu. Sambil mengusap-usap ia membaca judul buku.
hari ini aku mood swing bgt. I have a bad day gara gara something in RL. tapi gak sampe nangis sih. Tiba tiba merasa malas hidup ingin mengasingkan diri saja. Even males baca manga. Then buka twt hampir semua tweet yg lewat kuketawain
15-12-2022 Aku merasa bersyukur untuk setiap bagian dari hidupku yang udah support aku sampai di hari ini. Seluruh tubuhku orang-orang disekelilingku every part of my room idol-ku yang udah jadi mood booster para ojol yang udah anterin aku kesana-sini. Terima kasih banyak!
Hari hari perasaanku kacaw balaw cuma pm mereka yg bikin mood. Tbh akhir akhir ini perasaan aku lg soft bgt:)
buat aku yg punya ibu mood nya temperamental. sabtu kemarin bisa merasa dicintai minggunya merasa jadi anak paling ngga berguna dimarahin dibentak diolok2 disalahin dipelototin. kemarin dan hari ini seolah lagi sakit ngga dipeduliin chat wa ngabarin balesannya ga sesuai expect
make up aku hari ini bagus banget yaampun mood aku jadi bagus banget (merasa seperti go younjungï¸)
@badreamsides AU SHADOW selesai tepat di hari aku tambah usia kak starterimakasih buat karyanya makasih udh luangin waktunya buat nulis au ini ya kak semoga kakak sehatu selalu jgn merasa terbebani disini ya kaka nulis sesuai mood kakak aja AU SHADOW emosi nya dpt bgt thx u kak
beberapa hari ini mood aku jatuh karena memang dia selalu mention kalau dia mau tinggal di amerika dalam waktu lama dan aku merasa sedih banget dan gak mood sama sekali karena dia ngomong seperti itu. aku jadi kepikiran apa aku nyusul dia ke amerika 
mau bagaimanapun mood kamu hari itu harus ttp terlihat semua baik baik aja didepan client harus ttp nice even tho hari lagi buruk mood lagi hancur lagi sakit dll yg selama ini udh merasa kontrol emosi aku cukup baik ternyata disini aku belajar lagi dan lagii
 Kok Arsha hari ini ga seceria biasanya People who notice the slightest change from me issa &lt;3 padahal aku merasa biasa aja cuma emang agak capek dan sempet mood down.
@convomfs Aku merasa poni aku sesuai barisan jadinya agak cakepan sedikit terus aku sengaja pake baju rapih ala-ala business women supaya mood aku baik hari ini gak lupa pake minyak wangi kesayangan
@starfess Day6!!!! Yang bikin aku bertahan sampe saat ini. Duduk di teras ngliatin senja sambil dengerin sing along sama minum kopi sesuai mood. Kalo lagi merasa udah kerja keras hari itu minumnya kopi favorite
hari ini aku mood swings parah. konten2 di sosmed bikin aku sgt merasa kesepian. aku merasa ga punya tmn di kampus. semua dgn circle masing2 bahkan info2 wisuda pun gaada yg ngasi tau aku. aku sedih bgt krna aku ga punya circle. knp hidupku gini amat ya..
Terkadang mengeluh dengan keadaan yg biasa biasa aja padahal masih sama seperti hari hari sebelum apa yg di keluh kadang aku merasa heran ya begini lah mood nya orang hidup kadang baik kadang sejuk kadang resah dan gundah gulana entah apa sebab nya aku tak paham dengan semua ini.
hari ini aku agak merasa lelah mentally.. karena sesuatu. tapi liat kakak update langsung terdistract dan semangat lagi. makasi ya kak meskipun cuma update tapi tetep kok naikin mood dan semangat aku. sayang kak hwa banyak banyak https://t.co/pJewoBmkb6
makasih subibiw udah dateng.. hari ini aku lagi merasa bad mood abis..
Hari ini aku sedang mengikuti perkuliahan hari ini aku sedang bad mood banget! Males ngapa-ngapain. Trus tugas menulis jurnal ilmiah juga belum on progress. Aku males ngap-ngapain males banget berinteraksi sama orang orang dikelas. Entah kenapa aku merasa bete aja hari ini.
punya rasa kesenangan tersendiri bagiku dapat memotret untuk sebuah profile band aku merasa seperti tergabung dalam proses kreatif mereka untuk menciptakan look dan mood yang mereka mau kali ini band asal Bali Sundownders . Hari ini mereka debut singlenya I dont care . https://t.co/mBlW94Z8gB
Real ini mahh aku pas liat vid nya kaget...kok bisa orang ngasi tau gejala2 gangguan tu yg bener2 sama kek mood manusia sehari-hari...??? Maksudku tuh pasti dr org yg gangguan pasti ada yg lebih seriusnya. Terus pas di tt tuh kagett komen pada merasa dan self diagnose
Jujur gaada energi bgt hari ini dari tadi cuma scroll tl buka medsos. Ga mood banget kerja karena aku merasa seperti keset udah gitu dioper2 pula kesetnya.
akhirnya bisa nyelesain APWTSS dari beberapa bulan yang lalu tmi aku baca ini harus pake mood + tempat yang sesuai. jadi aku ga merasa terburu-buru dan bisa mendalami cerita dan character tapi aku bisa bablas sampai nangis baca per chapternya. pernah pada satu hari -
finally aku melihat kamu dit meski bukan kamu sendiri yang upload tapi sudah cukup membuatku merasa senang setelah drama sinyal yang bebepa hari ini bikin mood buruk
@rentfess - Hi sender Perkenalkan saya Winata Aderald saya Avail hari ini dan bersedia untuk menemani kamu seharian. Aku harap kehadiranku disini bisa menghibur kamu selama on period ini naikin mood kamu dan manjain kamu agar kamu merasa lebih baik selama on period. -
Q. Cara memperbaiki mood? me time! saat kerja aku sering banget ketemu orang jd aku butuh waktu sendiri untuk memperbaiki perasaanku. Aku sering nonton video di hp dan hari ini aku mandi berendam setengah badan #ì•„ì´ì—” #ìŠ¤íŠ¸ë ˆì´í‚¤ì¦ˆ #I_N #StrayKids
Hari ini mood hancur banget. Aku udah gak mau gereja tadi. Tiba-tiba aku merasa diriku jelek banget. Ihh malas banget lihat muka sendiri di kaca. Tapi perasaan ku tiba-tiba berubah. And memutuskan untuk ke gereja.
Kejadian lucu hari ini. Berawal dari chat nya dengan orang lain yang menyinggung kata Adek dan Pamit rak pamit nggak ngurusi aku . Jelas disitu saya merasa bahwa saya objek pembicaraannya. Saya yang melihat itu tetiba langsung down mood dan overthinking.
Let me knoww sama apapun mood kamu hari ini aku ada disini buat dengerin ubeeyy. Jangan sungkan atau merasa gaenak bcs im here for my ubeey jadi just let me know yaaaa.
Nah dari ingredients tersebut aku merasa di beneran bikin kulit bersih lembab dan lembut Kalau masker ini aku kadang pakai di pagi dan malam hari tergantung mood sih kalua lagi maskeran pagi aku memilih masker ini karena efeknya yang bikin lembab.
Aku merasa mood hari ini sangat cerah ceria hepi kiyowo jgn ada yg nyenggol yaaaa tolong kawand kawand https://t.co/sWvuwJF4DK
makasi mew tanpa kmu ketahui mood aku langsung naik yg awalnya merasa down hari ini jadi level up again 
@AaDenkow Kenapa kita satu mood hari ini? Apa karena aku merasa lemah ya?
good night won aku hari ini bingung bgt sm perasaanku. jdi gampang ke trigger lah mood nya berubah trus hari ini. sedih won dulu aku ga begini. am I allowed to feel like this? apa aku sbnrnya cuma overdramatic... 
@collegemenfess Tapi emg iya sih aku tuh kalau sehari gk nyalain laptop kek merasa ada yg kurang jd tiap hari minimal dihidupin trs aku diemin gak lama baru dimatiin lagi apa ini efek dulu keseringan nntn drakor ya krn sekarang lgi gk mood ngedrakor
@intoynjun EH ENGGA TADI AKU SENENG YA YEONJUN AKTIF UNTUNG AJA perasaanku masih sama cuman hari ini emang bad sih kayaknya 1 minggu ke depan aku bakal banyak bad mood nya :/
First of April so fun capek juga sih TAPI PROUD OF ME AKU TADI PAGI REALLY PRODUCTIVE merasa paling rajin dirumah. Tapi belum nyicil tugas sih besok! Hari ini lumayan naik turun mood nya. Yang penting aku masih sama temen-temen aku sama si user ssadturnuss 
 okay wave maafkan aku jika aku punya salah.. mari kita selesaikan masalah ini Alura merasa mood sapunya tidak bagus hari ini. Dan ketika ia mencoba lagi Up! Ia berhasil membuat sapunya berada digenggamannya.
Kayaknya aku mulai merasa mood aku terlalu diatur sama sosmed deh masa liat offgun gopub sama taynew ada moment teris gue senenggggg banget abis gitu liat kevin yg kalah wajahnya sedih banget jae yg hari ini live nya agak sedih seketika aku jadi ikutan sedihhh banget
hari ini hari mood kacau kekacauan dan realita keluargaku yang hancur. yes memberi makan kucing di jalanan adalah jalan ninjaku supaya tetap bertahan hidup dan perasaanku membaik. aku tidak ada apa apanya dibanding kucing di jalanan yang lebih surviving.
Hari ini keluar dengan harapan mood membaik. Baru juga duduk minum yg diputer aku tetap bernafas meski aku tak merasa bebas ya tlg balik lg ni ovt
 itu adalah hal yang sama aku ingin berterimakasih kita mempercayai satu sama lain dan memainkan setiap adegan dengan usaha terbaik. Lebih saling dekat merasa sensitif tentang ini. Kita bersemangat setiap hari. Tergantung dari mood. *Thanks @MapleLandNN #ZeeNuNew
kasian adekku kena imbas mood ku yg hari ini berantakan banget. merasa ga enak tapi dia juga salah satu yg bikin aku badmood 
: oppa temenku seorang cubic pls bilang sesuatu untuk ngebuat dia jadi fans! : semakin kamu terlambat satu2nya hal yang tersisa adalah penyesalan : seungcheol-ah aku merasa sedih hari ini..beneran mood ku langsung membaik karena kamu datengï¸ : jangan bersedih 
@Donut_ranger90s Ga main gitar sampe skrg madon? Pikiranku lagi kacau balau hari ini mood perasaanku juga kacau banget capek banget sama kerjaan ditambah hujan gede banget makin kacau balau hati dn pikiran ini. Mana aku sendiri skrg 
Karena hari ku berat aku mau bikin orang yang mungkin mengalami hal yang sama kaya aku merasa lebih baik. Atau kadang randomly aku ngasih pujian ke customer seneng banget liat orang lain seneng. Dan aku jadi ngerasa lebih hidup juga. Ini cara yang bagus untuk naikin mood sih
@chitaglorya__ Akuu lagi hopeless bangett hari ini tapi lihat kak chita tiba-tiba muncul terus bilang hii dear â€ mood aku langsung naikk gak tauu kenpa setiap kk chita bilng gituu aku kaya kk merasa ngerasa seneng dan happy ajaaaa
Ga ada apa apa sih hari ini tapi mood aku lagi bagus. Kek merasa bahagia aja gitu
Padahal aku udh dengan hati yg gembira mood baik sangat excited dan merasa sangat produktif hari ini eh malah gini.. jadi demot bgt https://t.co/4fwbQ1Wh6p
@lavionar Hari ini aku banyak gabutnya juga sih tapi akhirnya tadi ngerjain beberapa hal biar gak merasa bersalah... Kalau mood kamu hari ini gimana? Aman dan good mood selalu?
Lalu berkaca juga pada kondisi fisik. Siklus hormon cek lagi apakah aku sedang lapar/kelelahan/ga enak badan? Apakah hal tersebut memengaruhi mood dan perasaanku hari ini?
Kemarin aku lagi down banget. Mood berantakan sampai panic attack pas ke apotek. Udah pamit sama temen-temen rl buat rest dari wa Ig dan sosmed lainnya. . Tapi tadi dia chat gimana moodnya hari ini? Itu malah bikin aku merasa bersalah cerita ke dia:(
@Janentirely @haechanalpha nini stop aku mulai merasa nggak nyaman. tolong jangan bikin mood aku jelek di hari spesial ini. :/
aku gatau kenapa hari ini perasaanku kayak ga enak banget ga mood.
mood hari ini: merasa bersalah sm temen2 kerja karena aku mereka kena imbasnya udh minta maaf ke mereka tapi masih nyesek ajaaa https://t.co/NndHEa49LQ
Mood baca minggu ini sungguh sangat random. Beberapa hari lalu coba intip karya-karya Afrizal Malna di iPusnas dan langsung pinjam beberapa. Habis dapat kabar baik tiba-tiba merasa harus baca buku parenting. Aku mulai baca Montessori Toddler.
sch! Hari ini PAS mapel kejurusan dan dpt nilai merah 22nya :) padahal udah yakin + teliti sedangkan temen ku yang ngasal dpt nilai kuning :) sumpah sedih banget merasa ga mood untuk hari ini kalau kalian di posisi aku bakal ngelakuin apa untuk bangkitin semangat?
@indomyfess Ketika kmrn liat perfome Spring day aku berasa terpanggil kmn aja loh selama ini bnr bikin mood nggga enak bgt literly udh dari sebelum masuk SMK aku kurang up tentang mereka merasa udh kurang support tapi aku berusaha ttp life goes on sampai hari aku bisa balik lagi
Current mood: hipotim. 3 hari ini aku benar2 merasa murung dan sedih aja gitu bawaanya. Mungkin memang butuh rehat yah tp ya masa kurang kmrin udh pulang ke rumah 2 hari?! Terlalu tamak dan ga bersyukur rasanya klo aku masih ngerasa kurang.....
Mau curhat dikit. Jadi gatau kenapa dua hari ini aku lagi ngalamin mood naik-turun. Kadang ketawa terus tbtb moodnya berubah drastis. Merasa kesepian emosi malas mikir kalau selama hidup belum pernah ngelakuin hal yang berguna.
@ya_eunbi Aku jadi ga mood nonton lagi tolong saya merasa berdosa hari ini ku sempetin nonton malah kalah berasa pembawa hawa buruk 
mana kalo nyobek kertas tuh habis itu aku malah dirundung rasa bersalah anjirrrrrr karena merasa buang2 kertas udah bbrp hari ini lagi gak mood bgt terus tiba2 jd rajin nguleg bahkan lg gak mau masak tetep nguleg gitu. bumbunya disimpen dimasukin kulkas wkwkwkwkw 
Ketika aku tidak merasa nyaman ditempat kerja hari ini tapi bos ku tidak sengaja bikin mood ku baik it's so nice
diet! hari ini surplus krn kerkel terus ditawarin banyak bgt makanan total 2400kcal jujur perasaanku jadi ga enak ngerasa bersalah sedih kecewa definisi pulang2 mood ancur ga tenang kayanya aku berlebihan ya gimana cara ngilangin rasa khawatir ky gini?
jujur ya kadang aku merasa aku bucin total banget sama astro iya si aku emang orgnya bucin bgt tapi ga nyangka bisa sebucin ini sama boyband kpop. hari sejelek apapun ngeliat member update bisa bikin mood membaik. ngeliat mereka senyum ngedenger suaranya gatau deh bucin bgt. https://t.co/6j550bcY7c
Terima kasih Thomas Cup sudah menemaniku satu minggu ini yang membuat aku tidak merasa kesepian terimakasih sudah membuat aku bahagia setiap hari menaikkan mood. Terima kasih banyak banyak lahh tanpa Thomas Cup aku ga akan sebahagia ini menjalani hariku yang selalu sendiri https://t.co/JqOrNqmEiC
hari ini bener bener ga mood nugas. trus td pas keluar kamar buat isi air minum hampir jam 11. mbah ku msh nnton tv abis itu pas aku ngomong jam langsung ditanya udh selesai belajar? daritadi sengaja nonton sambil temenin km belajar RASANYA KYK MERASA BERSALAH BANGET 
Kadang aku merasa Tuhan itu terlalu baik sama aku yg masih penuh dosa dan selalu berbuat dosa ini. Hari ini yg awalnya mood jelek banget bisa ketawa lepas hanya karena berbincang hal2 yg tak penting dan tinggal sejarah. Thanks God to give me brotherood like them. I'm so lucky https://t.co/MDUaaNgw7a
Kemarin bad mood parah. Hari ini kok orangÂ² kaya mendekat ngajak ngobrol terus lah serandean di pundak aku ngeliatin aku. Aku merasa ngeluarin positif vibes gitu 
litereli aku hari ini sama kemarin jengkel banget mood naik turun jengkel sejengkel nya benci bgt eh ada fancam nya dia tks bgt merasa sedikit senang https://t.co/9TGCJLQj45
Day 159: Mood Swing. Di satu malam merasa bahagia senang dan sangat bersyukur atas hari ini. Kemudian sejam kemudian tiba-tiba merasa terpuruk dan kehilangan gairah untuk hidup karena merasa diabain temen. Sering kali aku dihadapi sama situasi ini dan ngerasa putus asa. &gt;&gt;
Malam ini. Seketika hal ini terlintas dipikiranku Aku merasa lelah . Sedang tidak merasa senang melakukan sesuatu. Mood ku terasa hilang seketika. Pernah gak kalian merasa capek dengan keadaan ? Rutinitas setiap hari hanya begitu-begitu saja. Capek terlihat baik-baik saja .
@dowoonisdoun Ngga ada sih cuma hari ini nggak ada yg bikin sebel dan mood aku nggak down jd merasa oke gituu. WHY KAAAKK whatever happens i hope kak yupi tetep sehat dan jgn lupa istirahat kak :(( semangaaat aku tau realita hidup memang berat haha 
@IUsedelweiss Kadang mudah banget tersinggung padahal kalau di hari biasa kejadiannya juga bodo amat tapi ada kalanya juga mood tuh enak banget hati ini kayaknya bahagia tanpa sebab. Pokoknya aku merasa aneh sama diri sendiri. Untung mood swingnya gak selalu tiap pms kadang2 aja
aku gak punya jawaban pasti tapi aku jatuh cinta banget sama lagu Beautiful Feeling bahkan se-worst apapun hari aku mood aku begitu dengar lagu ini aku merasa aku baik-baik. I think this song has the black magic 
Seumur hdp aku gk prnh yg namanya mancing mslh buat masalah apalagi nanggepin masalah. Krn aku lbh suka hdp damai. Plisss gk usah bkn eneg perasaanku hari ini deh subuh2 baru jg bangun udh ngerusak mood aja. Pngn nanggepin tp pikir pnjng kedepannya aja entr ngerepotin aja.
Dan kemudian beberapa hari kemudian aku merasa mood ku sedikit jelek untuk on twitter dan kuputuskan on fa saja// (gatau ini pas udh jadian atau engga tp kayanya belum but cmiiw cium me if i'm wrong) dihari itu aku sedang tidak mood untuk membalas mention atau dm seseorang
kalau sedang merasa hari begitu berat istirahat tenangkan dirimu. kalau mood kamu sedang berantakan istirahat tenangkan hatimu. kalau lagi capek sama keadaan istirahat tenangkan pikiranmu. aku tak punya apa-apa selain menenangkanmu melalui tulisan ini. baik-baik ya 
Mood swing dirasakan makin berat. Jadi hari ini aku menghadiahi diriku tidak merasa bersalah pulang terlambat ke rumah dan berkeliling di gramedia..
Mood ku hari ini keknya baik bangun tidur merasa bahagia karna abis mimpi ketemu sama orang yang aku suka
Hari ini merasa jadi orang normal. Pagi2 dah spread positive vibes. Beberapa hari terakhir kek ga bener banget. Mood random. Jadi maafin aku ya gais kalo dijutekin https://t.co/c7SuL6A8Vu
Lagi-lagi hari ini merasa bersyukur notif live instagram mark berfungsi dengan baik dan berujung ga ketinggalan livenya dia ditambah dia dateng pas mood lagi ga baik thennn dia buat aku jadi baik lagi ah thanks mark hari ini dia yang ultah harusnya dia yang dapet banyak kejutan
Ternyata lepas dari perasaan merasa bersalah itu lega banget yaa. Bikin good mood seharian. Makasih aku kamu hebat hari ini 
Sayang udah tidur ya? Selamat tidur semoga mimpi indah Makasih untuk hari ini makasih udah jadi alasan aku tersenyum dan bahagia makasih juga udah jadi penguat aku di saat aku merasa buruk dan mood berantakan... Aku suka kamen rider tapi aku lebih suka kamu https://t.co/pPNetNK7u6
berantakan bgt mood ku hari ini. perasaanku campur aduk. aku kangen mas aku kangen papa kangen om yg selama ini jaga aku sm keluargaku dari jauh. skrg mereka semua diambil sama Allah. 2021 ini tahun terberatku setelah th 2017.
KABAR BAIK UNTUK READERS DUV2 &lt;3 karena aku merasa mood dan kondisi aku buat nulis udah membaik so ... HARI INI AKU BAKAL UP YEAY 
@MewnieMama Yasssss dan ketahuila kak hebi aku dan sekian byk reader merasa sangat terangkat mood nya dgn updetan au kak hebi tiap hari trimakasi kak selalu sempetin updet. Buat yg bacot2 mah kasi aja gif ini kak xixixi : https://t.co/JUCCi39Yrp
user sereinbiru semoga ga bosen ya baca pesanku di sini hari ini. sumpah aku merasa ribut banget TAPI GIMANA DON ANON HUAA KAMU JUGA BIKIN MOOD KU SEHARIAN INI ï¸ Makasih banyak juga udah tahan banting dan tahan baca jultar! https://t.co/RXVrOfARWE
not best selca but best things on my life dimana hari itu aku lagi sakit trus uas capek kegiagan organisasi ada masalah sm temen deket merasa ga berguna mood naik turun karena datang bulan. Tapi di foto ini aku masi bisa tersenyum like hsksjs i really appreciate it https://t.co/2EUspWioaJ
ambil orang lain. aku beruntung memiliki kamu saat ini yang jauh lebih dari sebelum nya. saya bangga memiliki kamu kamu berharga bagi saya. dan maaf jika saya membuat kamu merasa terbebani dengan mood saya yang kadang tidak baik seperti malam hari tadi.
15. Hari ini gaada yang special sihh cuma ngejalanin hari hari seperti biasa ajaa. Jadi bisa dibilang hari ini cukup bersahabat 16. Aku merasa bisa kontrol itu tapi ada keadaan dimana aku malah kebawa mood akuu 17. the way he treats me lee jeno/asahi teman kuu ï¸
ketika aku ngetik kayak gini perasaanku tuh udah ga enak. makanya jadi males dan ga mood. tapi kmren malem hrs ttp bertahan(?) biar bisa fokus nyelesain voting aja dulu. taunya hari ini... BOOM! marah sih.
@BTS_twt aku merasa kyk gaada impact apaÂ² ttg cb single sm vote award kali ini kak : maaf yaa kak kl gak bisa bantu banyak buat vote awardnya : dan semoga sebelum hari H cb mood aku udah baik lg biar bisa semangat streamnya :) doain yaa kak yoon :)
Sbg orang yg moodnya suka berubah drastis di setiap harinya aku merasa bersyukur hari ini. Lg di mood gk baik tapi lingkungan sekitar mendukung agar moodku gk anjlok. Mulai dari ibu yg lg di mood bgs &amp; paketÂ² ku yg dateng sesuai ekspektasi. Walau ada bbrp human yg bikin kesel
@treasuremembers [INA TRANS] Hi Apa yang sedang Treasure maker lakukan? aku memakai pakaian yang sangat bagus hari ini cuacanya juga bagus makanya aku merasa dalam mood yang baik Kalian juga dalam mood yang baik kan? Aku tahu kok~ Kalian sudah bekerja keras lagi hari ini (Cont..)
Mood lagi jelek bgt terus bete lah gegara kaka baru kemaren bukber kantor hari ini bukber lg kesel lah aku pdahal gk ada alesan buat kesel dahlah mau cuekin aja taunya sblm pulang tlpn mau dibeliin apa dgn gatau dirinya w malah minta pempek merasa gblk sekali diri ini
Sezuzurnya karna aku tidak merasa itu tugas dan tanggungjawabku sejak awal ya jadi hari ini tadi bukan suatu kelegaan sih Biasa aja Beda cerita kalo aku tadi yang disuruh maju naahh itu mungkin sore ini aku dah bete bgt mutung mood berantakan
@kdrama_menfess Ini ga bermaksud salty. Hanya menjawab pertanyaan sender. Aku udh coba nonton ep pertama tp ga merasa kliknya. Baru nonton setengah selalu ga lanjut. Ku pikir aku lg ga mood atau apa jd bbrp hari kemudian coba nonton lg tp gt lagi. Jd ku pikir emg ini bukan my cup of tea aja.
Hallo! Mun sejeong cantik yg lagi ngetik ini! Karena saya merasa capek Dan mood tidak karuan akhir inii maka saya memutuskan untuk rest beberapa hari kedepan:) Jika Ada hal penting bisa chat me tele/WA saya untuk yg punya ;) See youuu! Be happy kaliann semuaa jaga kesehatan
@Sakuramethyst Eh ? Dia takut ? Tentu Noel menyadari hal ekspresi aneh tanda merasa canggung dari Asahi. Hal tersebut perlahan menyadarkannya akan tindakan buruknya di mood yang jelek ini. ... maaf tidak menganggu kok. Hanya saja aku merasa sedikit bad mood hari ini. Â»Â»Â»
dear diary hari ini aku merasa tidak berdaya sekali! rasanya seperti semua daya didalam tubuhku terhisap oleh black hole pikiranku ngawang sekali sampai2 aku tidak ingat hari ini apa saja kegiatanku mood : physically giving up
INA ğŸ‡°ğŸ‡· Udah lama sekali aku memotong rambut ku aku merasa baik ğŸ‡¨ğŸ‡³ Potong sedikit rambutku hari ini ~ mood cukup bagus ~ â€â€â€ ğŸ‡¨ğŸ‡³ Hahaha rambutnya masih panjang Aku tidak memotong banyak ğŸ‡°ğŸ‡· Rambutku masih panjang ã…‹ã…‹ã…‹ ã…‹ã…‹ã…‹ Aku tidak banyak memotong Â©lysnupdate
#KUN Bubble Update ğŸ‡°ğŸ‡· Udah lama sekali aku memotong rambut ku aku merasa baik ğŸ‡¨ğŸ‡³ Potong sedikit rambutku hari ini ~ mood cukup bagus ~ ğŸ‡¨ğŸ‡³ Hahaha rambutnya masih panjang Aku tidak memotong banyak ğŸ‡°ğŸ‡· Rambutku masih panjang ã…‹ã…‹ã…‹ ã…‹ã…‹ã…‹ Aku tidak banyak memotong 
KN UPDATE ğŸ‡°ğŸ‡· Udah lama sekali aku memotong rambut ku aku merasa baik ğŸ‡¨ğŸ‡³ Potong sedikit rambutku hari ini ~ mood cukup bagus ~ â€â€â€ @nctyzenbase @nctyzenbase_ 
Hari ini entah ke berapa kali diriku merasa nggak karuan sampai aku pergi dari rumah sehabis nangis. Karena bad mood anakku jadi sasaran. Aku habis beliin dia bubble yg lalu airnya ditumpahin.
#ê¸°í˜„ #ìœ ê¸°í˜„ : style hari ini mood aku bgt : perfect! Sama aku jg suka liat rapi bgt yuk skuy : tapi merasa kurang apa ya? : Udah!!! Hayuk cptan Punya doi gini super perfeksionis amatâ€ï¸ https://t.co/b2WYkzcZX1
merasa bersalah sama diri sendiri kenapasih aku selemah ini selalu cemas akan masa depan rasa percaya diri makin hari makin tumpul mau ngapa ngapain gapernah tenang mood susah dikendalikan i hate my self i hate my life
nangis tim aku baik baik banget it s been a long time semenjak aku merasa bangga sama diri sensiri. hari ini salah satunya karena apresiasi dari tim ku. ketemu sama orang orang baik juga rejeki... mood aku seharian ini tektokan sama tim cuma HUHUHU SAYANG https://t.co/4x05CrItcp
Aku tipe orang moody-an dan sekarang mood ku sedang bagus aku merasa bisa mendapatkan hati bucky hari ini
merasa bersalah sama diri sendiri kenapasih aku selemah ini selalu cemas akan masa depan rasa percaya diri makin hari makin tumpul mau ngapa ngapain gapernah tenang mood susah dikendalikan i hate my self i hate my life
Merasa bersalah sama diri sendiri kenapasih aku selemah ini selalu cemas akan masa depan rasa percaya diri makin hari makin tumpul mau ngapa ngapain gapernah tenang mood susah dikendalikan i hate my self i hate my life.
merasa bersalah sama diri sendiri kenapasih aku selemah ini selalu cemas akan masa depan rasa percaya diri makin hari makin tumpul mau ngapa ngapain gapernah tenang mood susah dikendalikan i hate my self i hate my life
mungkin ini mendadak banget karena mood aku beberapa hari terakhir ini lagi jelek terus setiap buka rp rasanya mau nangis aku mau izin pamit buat lrp. ntah nanti bakal balik atau enggak aku gatau tapi aku sekarang ga merasa ragu buat bilang buat lrp. see u 
@onlytennn96 Today... hmm... idk tapi hari ini aku merasa agak mudah jengkel irl padahal ga mengerjakan banyak hal... so here i'm to make my mood better
Karyaku! Sebenernya hri ini aku mau gmbr pak Kogeinu krena hari ini dia ultah!!.. Tapi krena aku merasa capek bgt gambar hri ini dan aku merasa ini gbagus pengen aku buat ulang cmn gk mood aj gitu pengen ngepost tpi ini msih rkgk... Yowes lah aku post disini saja (cont..) https://t.co/Se3ugtyEb9
Hari ini merasa senang sepanjang hari hanya karena main Badmintonnya menang semua tadi pagi... hahahahaa..semudah itu MOOD terbangun ya... dasar aku
Hari ini sedang merasa bad mood. Nggak tahu kenapa. Sudah habis uwit banyak buat jajan dan tetap bad mood. Biasanya kalau jajan bad mood berubah jadi good vibe. Mungkin butuh tapi aku berusaha tidak menyentuh yang haram lagi . Hhh... no sex no drinks no job just bills .
Minggu 7 februari 2021 05.38 am . I am so sorry to my friends mood ku hari ini tdk baik jd aku hapus kalian dr followers and aku unfoll. Aku merasa g bebas ungkapin perasaan aku yg emg cmn biar bisa aku aja yg tau dan rasain.
Malam... Tolong sampaikan maafku padanya For any wrong doing that I've done Bintang... Terangilah hati ini agak tak resah Dunno what I should do Bersamanya aku merasa bahagia Melalui hari demi hari dengan riang gembira U made my life more colorful U'r my daily mood booster
Mood aku hancur hari ini karena merasa besalah ke pak is :( maaf ya pak saya ghosting...
@NPingitz Perasaanku campur aduk hari ini..nano nano...mood naik turun..makanya ga begitu aktif di sosmed..mending kalem dulu biar ga tambah ruwet ntar Kak @LinaMichael93 sini ikut..tadi aku diajakin sama mak @YantiBahrii
@BTS_twt Makasih udah update Setidak nya kamu pengembali mood ku Hari ini hari yang sangat berat untukku') tapi karena hobii update aku merasa baik-baik saja sekarang 
Kenapa aku merasa bahwa kisah ini seperti aku disaat keadaan sangat sulit tapi aku bisa kembali berkat bangtan yang mood maker aku banget saat orang lain tidak mengerti diriku bangtan yang menemani hari hari ku sayang banget sama mereka #TinyTAN https://t.co/jVHYJhNOQT
Hari ini jadwal belajarku messed up banget.. lelah dan kehilangan motivasi tapi dalam hati merasa bersalah sama diri sendiri. Kemarin aku masih belajar baru hari ini full berenti gegara mood aneh banget. Tadi pagi-sore masih biasa menjelang malem kok hampa ya :)
@PRESIDENTRENJUN sekali lagi terima kasih banyak ya kak aku jadi merasa lega dan lebih baik :'( kemarin sampe mood ku jelek bangun tidur pun gaenak :'( semoga aktivitas kakak pada hari ini diberikan kemudahan serta kelancaran 
 Astaga. Aku merasa mood swing sekali hari ini. Jangan-janganãƒ¼ 
@thirteensix13 Ga tau kenapa sedih. Moodku hari ini ancur. :( sedih aja bawaannya. Ntahlah itu depresi akhir taun apa ngga. Tapi aku merasa kaya kamu di christmas kemarin itu. Ga ada semangatnya. Udah ada muncul semangatnya kemarin2 terus hari ini gegara mood setitik buyar semuanya. 
@aidassii aku merasa bersalah nad kek mau sidang malah engga belajar tp aku beberapa hari ini kek gabisa belajar bener bener gaada mood dan bener bener gabisa kerja otak aku :(
@BTS_twt Morning Bingggg jangan lupa sarapan ya em Thanks for make me happy ahh idk why but hari ini aku merasa sangat bahagia semoga nggak ada yg ngehancurin mood ku setidaknya buat sehari ini aja i'm so happy love you Bing love you love you so much 
aku sebagai pemegang salah satu big acc walau bukan di tweet tapi di ig merasa lagi down banget mau rest tapi gk bisa :) tiap hari pasti ada aja dapat dm yg bikin mood anjlok :') aku manusia punya perasaan woy :') jangan sering ngatain orang ot6 solo stan anti ini itu
Brp hari ga mut makan dah mo normal lg beratnya. Tp merasa tida sehat krn mood nya jele
@tanyainrl hari ini aku kek sendernya Padahal ini hari yg bnyk bgt cobaannya partner kerja yg kurang harmonis kerjaan yg berantakan garaÂ² cuaca buruk diomelin atasan krn masalah kerjaan yg berantakan itu gapunya duit wkwk Tapi mood udh bagus bgt dari pagi jd seharian ini g merasa berat
Telfonan yuk Atau Vc'an yuk.. Dua kata uang bikin mood aku naik dan selalu aku tunggu di malam hari hanya untuk menceritakan tentang apa hari ini dengan kamu. Meskipun kadang cuma lihatÂ²an doang tapi membuatku merasa senang sekali.
Ini dilema yang setiap hari kuhadapi. Akhirnya keputusanku berdasarkan mood kucing-kucingku. Kalau mereka bisa menerima si kucing liar numpang makan di rumah ya aku biarkan. Kalau mereka merasa terancam ya aku usir.
sch! aku kemarin bener2 gabelajar sama sekali gara2 mood aku lagi gabener bgt mau nya nangis terus dan aku merasa bersalah bgttt gabelajar seharian semoga hari ini bisa kembali belajar mohon doanya hahaha
eh. hari ini entah kenapa aku merasa plong banget hahahahahah jadi mood main twitter dan reply2in mutuals. padahal kemarenan kayak banyak beban ((gatau beban apaan)) 
1 aku overemotional nonton Spike Spiegel beberapa hari ini 2 hari ini di kantor mood ku terjun payung pagi-siang-sore 3 barusan aku merasa tertohok karna sesuatu yg unnecessary aku di saat pms adalah aku versi paling tai :)
#CHENLE : pas musim gugur aku nemuin satu masalah. Ketika aku bangun di pagi hari hidung ku akan tersumbat dan kemudian aku merasa kesal lalu aku akan merasa tidak puas karena merasa kesal. Jadi karena ini mood ku akan menjadi buruk. -c-
baby Ji hari ini normal seperti hari biasanya tapi aku merasa hari ini hari yang istimewa menarik deh.. ngga ada alasanya cuma mood ku bagus banget dan aku ngerasa kepalaku jernih gituã…‹ã…‹ kalau y/n gimana?? #ë°•ì§€ì„± #ì§€ì„± #JISUNG #NCTDREAM
Hari ini aku bangun dan merasa gembira tanpa alasan. Padahal mendung dan aku masih mens. Biasanya kombinasi dua hal itu hanya mampu menciptakan kesedihan rasa malas dan mood yang buruk. https://t.co/MmcGylFHMa
#LUCAS cuaca hari ini baguss Aku merasa baik hari ini seperti lagu Friend Like Me (from Aladdin) itu adalah mood ku sekarang ã…ã…ã… @nctyzenbase
ini relate bgt saat ini bagiku. entah knp aku merasa hari ini kek kecewa bgt gada yg ngertiin aku tauk ah mls ga mood jadinnya 
 bisa nya habis tau gitu perasaanku kek kembali ke flashback pas waktu aku dipotekin sama doi. Melow banget njirr dari waktu itu kek ngga mood ngapa in. Dan saat itu juga aku kek njir sial banget hari ini aku liat dia Dan bener dong seharian kek ada aja yg bikin mood ancur
T Map hari ini bener bener menghibur. Aku merasa banget mood ku naik senang lihatnya. Kagum mereka udah bekerja keras seneng liat mereka senyum ketawa bareng-bareng di TMap. Moga ada Season 2 untuk t Map. @treasuremembers #TREASURE https://t.co/OTHEFVLaYG
@atropostomi -Ve! gimana kabar kamu hari ini? baik2 aja kan? kalau merasa gak mood kamu bisa dm aku! sehat terus syng kamu kuat bahagia selalu ya banyakin minum air putih aku syng kamu
setelah sepedaan 2 hari ini aku merasa tb tb mood buat blajar tu ada bgt
Ternyata aku belum mampu mengendalikan mood swing ku setelah sekian lama tidak merasa badmood hari ini aku bdmd hanya hal kecil Hem yuk deb belajar lagi yuk
@subtanyarl Pernah dapat yang kaya gini nder pernah Tp udah lepas dari kehidupan wkwkwk Bertanya ini itu tentang hari ini Peka dengan mood aku Mengusahakan menyisihkan waktunya buat aku Sesibuk apapun slalu merasa berdosa klu ga ngabarin Skrng dia udh bahagia sama yg lain 
@Viarre__ semoga km istirahat yg cukup abis ini dan merasa terhibur ngeliat twt atau dr media lainnya yaa hm aku hari ini lumayan cape krn kurang tidur tp worth it krn mood aku lg baik mungkin? hehehehe
Fren jujur hari ini aku bener bener gelisah sedih gak mood pokoknya semua numpuk didalam diriku. Aku merasa hari ini kek hari yang sangat membuatku jengkel dan akhirnya mood ku anjlok sedih dan nyesek pokoknya.
Disaat mood down di situ aku merasa bersyukur kenal @CUBE_PTG sayang kino sama mas changgu yang udah mau muncul ada pentori juga hari ini seneng bisa gabung di keluarga UNIVERSE 
@Fiikookie07 Jika hari ini kamu merasa lelah kamu bisa lampiasin rasa lelah kamu dengan dengerin lagu bangtan atau apa pun yg bisa buat mood kembali baik lagi. Kamu bisa chat aku luapin apa yg kamu rasa Perasaan yg engga bisa kamu sampaikan ke mereka Doa terbaik untuk kamu anak baik 
Hari ini banyak yg aku lewatin sampe aku lelah dan jatuh sakit... Tapi hari ini bisa jadi lbh baik dr hari sebelumnya Dan hari ini bener-bener bikin mood aku happy Aku merasa hidup yg lbh baik Di akhiri dengan hari yang baik Selamat malam
@njmkith Happy birthday Nana Makasih dah buat aku senyum sendiri tiap hari bikin mood aku bgs bgt sekarang aku dah gk merasa sendiri lagi semenjak kenal dunia per KPop an ini Eh ketemu Nana yg slalu buat aku happyï¸ Aku mulfand kak apa masih ada kesempatan https://t.co/PXXyIKDb7v
HARI 28-- Mark adalah ____ untukku. Mood-booster. Ini berlaku untuk semua member NCT sih terutama Dream; karena aku merasa punya adik lakiÂ² yang selalu bikin hari jadi ceria dan seru lihatnya hingga memotivasi (meskipun mereka secara umur lebih muda dariku). https://t.co/bCmkipUZnp
tbh selama beberapa hari ini aku anti bgt buka acc ini dan sangat sangat menghindari whyy??? krn jiwa insecure aku juga karena aku merasa kyk salah start belajarr dan itu membuat mood belajarku super duper kacauuu sampe bikin stress
Hal yang bikin gw sedih ketika aku dibuat bahagia oleh seseorang kemarin dan hari ini aku merasa begitu tidak diinginkan #mood #SadGirl #coretan #akukuat
20.09 Mood hari ini berantakan sekali. Byk hal yg g brjalan lncar. Mulai dari pagi - sore. Byk hal yg bkin ak brfikir apaan sih? kok bgini?mksdnya apa? Maunya apa? dan lain2 yg bkin mau nngis. Dan aku pulang. Dirumah. Bersama kluargaku. Kmudian aku merasa baik2 aja.
Tiga hari ini aku merasa kopong. Semua aktifitas yang aku jalanin tuh kaya otomatis gitu. Aku engga tau apa yg aku lakukan. Nulis engga mood. Nongkrong di cafe sama temen temen juga kaya gimana gitu. Kosong aja. Mungkin ini saatnya aku rehat dari semuanya.
` Guk..guk... Aku tersenyum melihat Yeontan menyapa ku di pagi hari ini ia adalah salah satu mood booster dikala ku merasa lelah akan hari hari berat ku. Selamat pagi Yeontan https://t.co/euzZM8nS14
Aku berapa hari ini nangis mele sampe mata benar2 kek bonyok ketonjok. Terus baru mood nonton drama ngelanjutin #MyUnfamiliarFamily kan ya aku merasa ... :x hahahaaaa https://t.co/1jOX4cK3j9
@munfess di jalan juga. Bahkan jika ada hari yang membuatmu merasa sedih dan mood sedang buruk kamu harus coba bangkit! Coba tatap cermin lalu tersenyum dan liat deh capt ku ini ganteng bangeeeetttt dan senyumannya manis mengalahkan gula avv. Tapi tetep aja ya aku gamau kamu 
@eskrimpepsoden Iya kalo mau nonton konser aku sering merasa ga mood ngapa2in kadang suka overthinking dsb :((( Hari ini aku ada konser online hehe tp ttp aja ngerasain syndrome nya :(
Terimakasih karena telah membuat aku merasa istimewa kemarin dan membuat aku merasa bukan siapa siapa hari ini 
Hari ini mood ku turun naik. Lagi seneng lalu tiba tiba ada hal yang membuat ingin menangis. Ah sensitive banget si hati. Tadinya ingin diluapkan dengan menangis. Tak ingin bersedih. Akhirnya kuluapkan dengan menulis. Ternyata ini ampuh sedihnya hilang aku merasa lebih baik.
Hari ini aku bljr 2 5 jam aja udah merasa bosen gatau knp lg ga mood bgt
Anakku mati. Ga mood ngapa2in hari ini. Mau melungker di kasur nangis aja. Aku merasa gagal sebagai pemilik which is wrong because I've always strived to give her the best but it doesn't feel enough. Maafin aku 
Untuk yang kesekian kalinya hari ini aku menghancurkan mood mu kembali sama seperti yang sebelumnya kamu pasti merasa kesal denganku. Namun yang berbeda kali ini aku sudah tak lagi memikirkan aku harus berbuat apa untuk membujukmu.
hari ke-6 dibulan ke-6 tdk menyangka hari ini bakalan campur aduk bgt. banyak bgt yg bkin bad mood tp ada aja yg bantu bkin bangkit lagi. gatau ya merasa hari ini tuh tdk seperti biasanya. jarang bgt aku merasakan secampur campur ini
Sejujurnya aku selalu merasa bersalah ketika lagi gak mood terus malah gak ngapa ngapain tapi mau maksa nyicil juga gak akan dapet apa apa soalnya dari awal udah gak ada niat alias ya Allah bad moodku kasih ke aku semua hari ini aja ya
liat berita hari ini aku sedih kesel gak mood ngapa2in perasaanku bener2 campur aduk. kenapa kamu harus diginiin kook? kenapa? aku bukannya denial aku tau kamu ada ditiming yg gak tepat tapi kenapa orang2 sangat menyalahkanmu? kenapa?
@noceursa Ingin menangis bacanya cuma di fandom ini aku merasa receh setiap hari. Tiap capek apa gabut buka twitter ada aja yang bikin mood balik terus ketawa2 kek orang sableng
 raa ada jinyoung tuh suara mami terdengar dari dalam kamar rara. suruh pulang aja mi. aku mau tidur jawab rara berteriak sambil membungkus tubuhnya kembali dengan selimut rara merasa mood nya sudah hancur hari ini. melihat wajah jinyoung mungkin akan membuat tambah hancur
Maapin aku yg punya mood swing dan suka ngilang. Setelah pulang main hari ini ku jdi makin sedih sama diri sendiri ngerasa bersalah karena effort teman-teman ku buat ngajak main terdabest. Kenapa ku punya temen baik-baik bgt maap tpi ku merasa ga pantes ada disekeliling mereka
@smstan_tuwir Dulu suka bgt lagu ini lagu wajib buat naikin mood lagu wajib buat teman jogging di pagi hari sekarang udh jarang jogging aku merasa tua : )
Hari ini aku memutuskan untuk tidak masuk sekolah atau bolos (jangan ditiru) karena aku merasa tidak ada mood utk bertemu siapa2 dan motivasi belajar di sekolah..
Ntah ini sugesti apa gimana tiap aku merasa cantik di hari itu (ntah karena makeup baju yang aku pake atau model kerudung) aku selalu ngerasa mood aku bagus banget dan bisa happy sama orang orang 
Ntahlah â€ï¸ Aku merasa hari ini mood ku kurang baik
Apakah semakin kita tua kita semakin pasif? Hari ini aku pergi jalan2 sama keluarga besar RT 8 dan aku merasa lebih suka untuk diam daripada ngelawak untuk membuat suasana ceria. Apakah aku aneh? 5 tahun lalu aku selalu yang jadi mood maker padahal...
Cerita hari ini: aku bangun merasa tdk seger. Badan lelah mood ambyar lalu memutuskan tidur saja setelah sarapan. Bangun udh jam 10.00 lalu dpt kabar klo ada kang service kompor dtg dlm hati okelah ini cukup dijadikan alasan gak kerja secara inden service smpek 1 bulan.
@muharani12 Aku bodoh ya becandain hal kya gtu? Aku malu buat kamu merasa ga nyaman mulu ngerusak mood hari ini https://t.co/XVcxGMjrbv
tadik pagi bangun tanpa alaram mandi ke kampus di jln bersyukur sama tuhan aku bisa bangun di pagi ini dengan sehat dan sampai kampus datang paling pagi udah merasa hari ini bakal menyenangkanï¸ but saat dosen ngasik materi yg gak gw ngerti berubah langsung mood gw jadi bad mood
@nindyasairindri aku terhitung udah beberapa minggu nin aku tadinya mau mention atau ngechat kamu perkara ini mau sharing. wkwkwk nah nin boosting up mood aku itu kalo nda baca novel wattpad atau ya nonton itu. Tapi untuk hari ini disaat aku mau memulai aku merasa bersalah keinget ----
Hueeeee merasa bersalah hari ini nyuekin abangku sendiri. Cakapan sih tapi cuma sebatas gitu aja. Dia juga sore ke malam jadi sibuk sendiri mungkin karna tau aku lagi gak mood diajak bicara. Maapinnnnn bang!:(((
tiap kali chat selaku ngomong begitu km gak mikir perasaanku apa? hancur moodku seharian! susah susah aku bangun pagi bangun energi positif naikin mood biar hari ini happy eh malah situ hancurin seenaknya. tau gt kmaren aku gak chat! huh dasar toxic ppl 
Dan aku sangat merasa beberapa bulan ini jadi mood swing parah. Pekerjaan yang paling kena imbasnya. Kadang lancar banget kerjaan kayak tol otak encer dipake mikir tapi kadang mandek banget bisa 2-3 hari nggak bisa ngapa-ngapain.
ntalah:) hari ini aku merasa mood ku hancur krna sifat nya berubah teman 
Hari ini mood aku jelek terus.. Sedih merasa sendirian; merasa kehadiran aku tuh mengganggu.. https://t.co/CZo5ACgPvp
ketika ribuan kali tersayat dan selalu tertutupi dan ketika hari ini kembali merasa perih aku lelah untuk tetap meratapi maka biarkanlah aku pergi
Aku orangnya selalu planning. Besok mau ngapain juga udah di siapin lusa mau ngapain juga udah tau dari sebelumnya. Misalkan besok aku ada kegiatan A+B+C+D tiba tiba di ubah jadi A+B+E+F. Aku akan merasa bahwa hari ini sudah hancur bete ga mood seharian:( ada yang samaaa?
Hari ini mellow parah di tambah pas berangkat tadi di setiap sudut jalan liat bendera setengah tiang : ) aku makin mellow dan gak sadar nangis di motor : ))) mood lagi ndak bagus di tambah merasa kehilangan sama sosok eyanb habibie yg notabene nya secara person pun blm perna -c
pernah nggak lagi kerja tapi tiba2 merasa nggak mood kerjaan jadi nggak terorganisir tsuyaku berantakan rasanya pengen segera pulang? aku hari ini : 
Wangi hari ini: Oriflame's Pretty Swan (for women) Favorit yang lain buat pergi kondangan atau ketika aku lagi merasa cantik banget dan in the mood /MOODAPA Pernah aku pakai waktu akad nikah juga di-layer sama satu atau dua parfum lain kalau gak salah ingat. https://t.co/tgUPTTSg5G
Tiap hari rasanya kayak roller coaster. Beberapa menit yang lalu ngakak sekian menit kemudian setelah mendengar hal spele bad mood. Ya Tuhan aku merasa sangat jauh dari Mu belakangan ini.
@qaundy jika kamu merasa down hari ini aku harap kamu segera pulih ya dan besok kamu harus bangkit. cari sesuatu yg bisa naikin mood kamu sampai kamu lupa dengan masalah hari ini.
[8963] gatau aku merasa kakak ini misteriuslike aku sering bisa baca karakter/mood orang dari typingnya tapi kakak ini kok sulit meskipun hampir tiap hari ngobrolini juga 24/7 taeyong and taeyongist warrior!! Ready to fight anytime
Hari ini aku merasa kurang baik sangat sangat tidak baik. Begitupun dgn mood dan hatiku. Ntah kenapa semua berubah begitu saja. Seperti tdk ada sebab tp terjadi
@jiemiardian Alhamdulillah saya mengkonsumsi obat bipolar sudah 8 tahun Alhamdulillah obat sangat membantu ku ...agar mood ku stabil..dan hari ini aku merasa bahagia...karena aku sudah tes ke psikiater..aku dalam ke adaan stabil..
[ saat ingin mengerjakan hw clue tiba-tiba mood sedang drop hari ini. Merasa bersalah sama kak Gaia apa aku harus menyerah? Mungkin harus sadar mengukur kemampuan diri sendiri yang memang gak kuat jadi seeker. ]
Hari ini di kampus ada foto buku tahunan. Dan aku senang bisa merasakan mood orang-orang yang berubah jadi lebih bahagia dari sebelumnya lebih percaya diri waktu ketemu sama orang lain. Jadi menurutku nggak ada yang salah dari merasa diri sendiri lebih cantik dari biasanya :)
@wounderwater Kalau cuma 1-2 hari sih ga gitu berasa. Tp kalau udh akhir minggu gini makin berasa cape ngantuk pusing bad mood. Pdhl tidur malam ga bagus kedepannya. Aku sadar pakai banget itu tp aku bahkan lupa kapan terakhir kali aku merasa tidur jam 10 malam aja udh kemaleman wkwkwk
Haii sebelas pria yg kusayangi dan kubanggakan. Gak kerasa yh hari ini akan dtng jg. 1 5 tahun kalian ngisi hari hari ku. Dan itu buat aku merasa bahagia krn kalian. Mood terbaikku. I Love You to the moon &amp; back infinity and beyond forever and ever. ì‚¬ë‘í•´.. #ì›Œë„ˆì›_ìˆ˜ê³ í–ˆì–´ https://t.co/rdiLkNWc0M
Aku mau jujur. Karena hari ini aku sakit. Dan gak mood berurusan dgn kantor. Akhirnya aku blok 2nomer klien yg nelpon terus. Merasa dosa sih tp gimana lg.
BTW EYKEU 10 HARI INI LAGI TERAPI DENGAN OBAT. MERASA LELAH DEPRESI MOOD SWING DIARE PERUT KRAM MUAL PUSING. GAK PENGEN KETEMU SIAPAPUN. SAMPAI HATI KECILKU BERTANYA KENAPA AKU JADI BEGINI? MOODNYA BURUK BANGET EH PAS KUCARI TAU TERNYATA EFEK DARI OBAT. PARAH
@resatriyana_ Sama nih aku sampe sakit hari ini gara2 mood jelek bgt. Dan efeknya besar sekali sampe sekarang masih merasa sedih mendalam :') Tapi kita pasti bakal melewatinya
Beberapa hari berasa ga mood ngapa2in terus baru ngeh ini efek lama ga minum obat *lama nyadarnya* Belakangan aku emang ga teratur minum antidepresan karena *ga tau iya apa gak perasaanku sih* kayaknya dia clash sama jenis psikotropika yang aku konsumsi.
Ternyata kekosongan kmrn diakibatkan rusaknya mood di pagi hari yg brkepanjangan.. Alhamdulillah hari ini aku merasa lengkap 
@evaalimbong @efenerr @mikoalhakim @BNGPY sama dong..aku jg ketawa2 tuh ngebalesin cuitannya org padahal followernya PAY nyangka aku malu krena kejebak sarcasmenya padahal aku gak merasa malu malah justru bisa ngibur aku krena pas kebetulan hari ini lagi boring jadi ada mood ngebalesin cuitan org
Sampai kantor dengan mood bagus dan sudah sarapan. Aku merasa sehat sekali hari ini. Uwuwuwuww
@aoahyejeongx Jujur hari sabtu ini sedih banget karena bikin orang yg aku sayang merasa sedih kecewa marah kesel mood down
Mood hari ini jelek tp untungnya temen2 pd nginep di kosan trus pd bacain diary2 lama trus sama2 ngatain yg bikin tu diary gublu dan so dramatis. Padahal yg bikinnya aku tp sendirinya juga merasa malu dan kasian.
Sebelum berakhir untuk hari ini makasih buat yang udah ucapin birthday untuk nayoung. Dan nay gak bisa seneng terus. Karna pertengahan hari sampai malam ini mood terlalu buruk. Dan sekarang perasaanku emang hancur banget. Aku kangen jjong oppa. Dan cuma bisa liat foto terakhir.
@Host_Soushi yang amat sopan; membuat dirinya merasa sedikit tak nyaman. â €â €â € Ah namaku Gojou Takaomi biasanya dia akan mempermainkan orang semacam dirimu; hari ini dia tidak mood. Semoga saja aku punya sesuatu yang bisa aku berikan padamu. Yang dia maksud adalah ilmu.
Nina merasa hari ini cukup melelahkan. Bukan hanya melelahkan tapi mood nya juga membuatnya lelah. Ia pun menghela napas kemudian mencoba mengingat-ingat sesuatu. Apa aku aka datang bulan? 
Bapak keren ini sukses menaikkan mood gw hari ini. Entah knp gw mrasa bahagia hr ini *ceilah* dan merasa ingin memperhatikan org2 sekitar gw
Kebahagiaan apapun yang terjadi hari ini tetap saja perasaanku masih kacau Ada saja yang merusak mood sampai aku... https://t.co/TiARXQrxeJ
Hari ini aku lg bad mood..tiba2 Merasa jenuh Td siang sampe gak mkn akhirnya dikmr cm guling2an di kasur dan tertidur
mood booster hari ini adalah ketika dapet nilai uts 90 dari dosen yg sangat terkenal suka ngasih nilai D dan E. aku merasa happy :')
Aku idak membenci hari ini tapi aku sangat merasa Bad Mood for today :( :( :3 :3 :3
Mencintaimu sangat indah entahlah.. Kita beda negara tapi hati ini terlalu bodoh aku bahkan merasa gila setiap hari #sananthachat
Mood ku hanya bertumpu pada senyumnya dan temu itulah alasan kenapa hari ini aku begitu merasa nyaman melebihi bahagia.
{GD} Aku berbaring di tempat tidur sejak tadi. Entah kenapa merasa sangat kehilangan mood untuk melakukan apapun hari ini. Pfft... --
Mood Booster - antologi5pena: Hari ini aku merasa bahagia. Kadang bahagia itu begitu sederhana ya. Nih aku... http://t.co/vcQoRc3qx3
Mood Booster - antologi5pena: Hari ini aku merasa bahagia. Kadang bahagia itu begitu sederhana ya. Nih aku... http://t.co/3XkMOqhS08
Sobat ABAT kamu merasa bad mood dgn situasi kampus atau kantormu di siang hari ini? Coba ikuti tips berikut yuk! :) http://t.co/LPg4lf8159
Current mood: Sebanyak-banyaknya aku makan pada hari ini aku tetep merasa kosong. Cry.
Aku merasa mood ku buruk hari ini. 
ga blh ngeluh yah tp lg too tired hari selasa nya ini pengeeen lg kek gini ada mood booster aku..tapi...(disitu kadang saya merasa sedih) 
(Kyou wa annmari genki janai.) Aku merasa mood ku buruk hari ini.
Kyou wa annmari genki janai ..ã€‚ (Aku merasa mood ku buruk hari ini.) :((
Entah hari ini aku merasa lelah dan begitu tidak memiliki mood yg baik :|
hampir-hampir aku merasa bosan hari ini tp kusadari kembali bahwa aq cukup dewasa dan cerdas utk mengubah mood dan keadaan waktu~
Hari ini adalah hari di mana aku merasa tidak dalam mood yang baik atau buruk hanya bernapas.~~
Hari ini adalah hari di mana aku merasa tidak dalam mood yang baik atau buruk hanya bernapas.
Hai kamu yg hari ini merasa lelah dan mood kurang stabil istirahatlah keprofesionalanmu msh diharapkan rekan2mu dan aku #eh
[maaf untuk hari ini mood ku sedang tidak stabil jadi mungkin banyak yang merasa aku berubah mianhae /bow]
@DatTigerAce Baiklah baiklah kau untung aku tidak sedang merasa bad mood hari ini
Hari ini kesabaran gw diuji. Pas ke Gramedia tapi ga beli komik. And yeah... Komiknya tetep terbeli. Aku merasa berdosa -___- 
hari ini aku merasa hampa Bad Mood!!!
Kmu mau brapa hari kek gni teruss :&amp; RT @fay_aku: Farah nabilla merasa angry pagi ini tapi masih dalam good mood
Beberapa hari ini mood lagi gabaik. Sering merasa bosan. Ah mungkin cuma perasaan aku aja. #Halahh
Kenapa? *elus rambut meo* [ duh jd geli XDahahaha /plak ] RT @OPM_Enel: @OPM_Hancock Yahahaha... aku sedang merasa bad mood hari ini
@OPM_Hancock Yahahaha... aku sedang merasa bad mood hari ini
Cari pacar gera nong :P @winaaniww: Aku bth semua itu :) @enitaelis: Siapapun yg sibuk hari ini yang merasa butuh mood-
Sory yang merasa tersinggung dgn tweet #Kutipan ku karena aku lg gk mood di sklh hari ini :') bisa saja itu tmn les bener kan?: 3 ..
Gak mood. Bener aku merasa sedih. Ini hari terakhir.
shit men! salahku sendiri ini... Ngapain coba hah? Bodohnya aku Dan akhirnya mood dan perasaanku hari ini rusak alias tak tentu arah...
hari ini harusnya aku merasa sdikit senang bisa melihat kim hyun jung walau cuma beberapa detik sampai kost mood berubah drastis
akhir2 ini perasaanku bner2 kacau bner2 g mood ngapa2en apa lgi sama yg namanya pelajaran. yg aku butuhkan hanya pengasingan. 3 hari cukup
Hari ini byk yg galau bad mood lalala. Aku masih tetap saja seperti perasaanku padamu. Masih cinta. Akakak
hari ini aku merasa tiada mood..^_^
@_ToneRion_OA tidak aku hanya merasa bad mood hari ini.
Aku juga :( RT @Kariin_JKT48: Huuuuu hari ini aku merasa bad mood kenapa yah aneh (ãƒ_ãƒ»ã€)
Karena belum dapet cipika cipiki dari aku kariin (' 3('_') RT @Kariin_JKT48: Huuuuu hari ini aku merasa bad mood kenapa yah aneh (ãƒ_ãƒ»ã€)
Karena belum dapet cipika cipiki dari aku kariin RT @Kariin_JKT48: Huuuuu hari ini aku merasa bad mood kenapa yah aneh (ãƒ_ãƒ»ã€)
karena belum ketemu sama aku kak ^_^ RT @Kariin_JKT48: Huuuuu hari ini aku merasa bad mood kenapa yah aneh (ãƒ_ãƒ»ã€)
Maaf untuk semua org yg hari ini merasa gak nyaman sama aku aku hari ini lagi bad mood dan sesitif jadi mudah naik darah sekali lg maaf
hari ini sku kira setelah bgun tidur aku akan merasa semangat.... tapi nyatanya beneran aku tdk ada mood sama skali
@Modus_Bom2NE1 aku gak merasa kmu bikin aku marah cumn hari ini mood aku lg jelek aja
Ya hari ini aku berdiri terpaku sendiri tanpa kamu tanpa sahabatku. Entah knp dgn perasaanku. Sepi......
Ayunny labil =)) RT @ayunnyy: maaf teman-teman yang di skolah yang merasa disensiin &amp; dicuekin aku hari ini mood lagi labil :))
Gpp kok RT @ayunnyy: maaf teman-teman yang di skolah yang merasa disensiin &amp; dicuekin aku hari ini mood lagi labil :)) 
hari ini aku benar merasa bad mood..nonton drama dream high jdi brsa gak mood deh..-_- 
Tiba ga doyan makan ga mood dan ga niat mau ngapa in . Maaf yg hari ini merasa dikecewakan karena aku :(
Merasa Ga seperti diriku yg seperti biasa Hari Ini ... my bad mood day... :'( smga besok bisa jadi aku yg biasa lagi...
Maaf :( RT @pramudiasanta: Ya RT @HestyDwiva: Maaf :( aku gaa mood keluar rumah hari ini maaf maaf siapa je merasa 
Ya RT @HestyDwiva: Maaf :( aku gaa mood keluar rumah hari ini maaf maaf siapa je merasa 
Maaf :( aku gaa mood keluar rumah hari ini maaf maaf siapa je merasa
Hari ini entah aku merasa cemas atau resah namun pastinya tdk mood karena semalam kurang tidur
Kasian saksofonmu psti down dan merasa gagal mbah RT @sudjiwotedjo: Soalnya aku lagi gak mood main saksofon hari ini..ndak tahu kenapa
bukan kesel benci atau tiis .... tapi skrng ini dan kemarin mood aku ancur. maaf .maaf klo ada yg merasa kesel benci dan apalah tentang aku
